Date Production;N BP;Ville;Date sur Poteau;Coulage;Type Poteau;R_f_rence Poteau;Rebus?;Relation1;Relation2;Relation3;Relation4;
18/01/2021;16;Abidjan;18/01/2021;1;7.200;1721;Rebus Mineur;;;;;
19/01/2021;17;Abidjan;19/01/2021;1;7.200;2721;Non;;;;;
19/01/2021;17;Abidjan;19/01/2021;1;7.200;3721;Non;;;;;
19/01/2021;17;Abidjan;19/01/2021;1;7.200;4721;Non;;;;;
19/01/2021;17;Abidjan;19/01/2021;1;7.200;5721;Non;;;;;
19/01/2021;17;Abidjan;19/01/2021;1;7.200;6721;Non;;;;;
19/01/2021;17;Abidjan;19/01/2021;1;7.200;7721;Non;;;;;
19/01/2021;17;Abidjan;19/01/2021;1;7.200;8721;Non;;;;;
19/01/2021;17;Abidjan;19/01/2021;1;7.200;9721;Non;;;;;
19/01/2021;17;Abidjan;19/01/2021;1;7.200;10721;Non;;;;;
19/01/2021;17;Abidjan;19/01/2021;1;7.200;11721;Non;;;;;
19/01/2021;17;Abidjan;19/01/2021;1;7.200;12721;Non;;;;;
19/01/2021;17;Abidjan;19/01/2021;1;7.200;13721;Non;;;;;
19/01/2021;17;Abidjan;19/01/2021;1;7.200;14721;Non;;;;;
19/01/2021;17;Abidjan;19/01/2021;1;7.200;15721;Non;;;;;
19/01/2021;17;Abidjan;19/01/2021;1;7.200;16721;Non;;;;;
19/01/2021;17;Abidjan;19/01/2021;1;7.200;17721;Non;;;;;
19/01/2021;17;Abidjan;19/01/2021;1;7.200;18721;Non;;;;;
19/01/2021;17;Abidjan;19/01/2021;1;7.200;19721;Non;;;;;
19/01/2021;17;Abidjan;19/01/2021;2;7.200;20721;Non;;;;;
19/01/2021;17;Abidjan;19/01/2021;2;7.200;21721;Non;;;;;
19/01/2021;17;Abidjan;19/01/2021;2;7.200;22721;Non;;;;;
19/01/2021;17;Abidjan;19/01/2021;2;7.200;23721;Non;;;;;
19/01/2021;17;Abidjan;19/01/2021;2;7.200;24721;Non;;;;;
19/01/2021;17;Abidjan;19/01/2021;2;7.200;25721;Non;;;;;
19/01/2021;17;Abidjan;19/01/2021;2;7.200;26721;Non;;;;;
19/01/2021;17;Abidjan;19/01/2021;2;7.200;27721;Non;;;;;
19/01/2021;17;Abidjan;19/01/2021;2;7.200;28721;Non;;;;;
19/01/2021;17;Abidjan;19/01/2021;2;7.200;29721;Non;;;;;
19/01/2021;17;Abidjan;19/01/2021;2;7.200;30721;Non;;;;;
19/01/2021;17;Abidjan;19/01/2021;2;7.200;31721;Non;;;;;
19/01/2021;17;Abidjan;19/01/2021;2;7.200;32721;Non;;;;;
19/01/2021;17;Abidjan;19/01/2021;2;7.200;33721;Non;;;;;
19/01/2021;17;Abidjan;19/01/2021;2;7.200;34721;Non;;;;;
19/01/2021;17;Abidjan;19/01/2021;2;7.200;35721;Non;;;;;
19/01/2021;17;Abidjan;19/01/2021;2;7.200;36721;Non;;;;;
19/01/2021;17;Abidjan;19/01/2021;2;7.200;37721;Non;;;;;
20/01/2021;18;Abidjan;20/01/2021;1;7.200;38721;Non;;;;;
20/01/2021;18;Abidjan;20/01/2021;1;7.200;39721;Non;;;;;
20/01/2021;18;Abidjan;20/01/2021;1;7.200;40721;Non;;;;;
20/01/2021;18;Abidjan;20/01/2021;1;7.200;41721;Non;;;;;
20/01/2021;18;Abidjan;20/01/2021;1;7.200;42721;Non;;;;;
20/01/2021;18;Abidjan;20/01/2021;1;7.200;43721;Non;;;;;
20/01/2021;18;Abidjan;20/01/2021;1;7.200;44721;Non;;;;;
20/01/2021;18;Abidjan;20/01/2021;1;7.200;45721;Non;;;;;
20/01/2021;18;Abidjan;20/01/2021;1;7.200;46721;Non;;;;;
20/01/2021;18;Abidjan;20/01/2021;1;7.200;47721;Non;;;;;
20/01/2021;18;Abidjan;20/01/2021;1;7.200;48721;Non;;;;;
20/01/2021;18;Abidjan;20/01/2021;1;7.200;49721;Non;;;;;
20/01/2021;18;Abidjan;20/01/2021;1;7.200;50721;Non;;;;;
20/01/2021;18;Abidjan;20/01/2021;1;7.200;51721;Non;;;;;
20/01/2021;18;Abidjan;20/01/2021;1;7.200;52721;Non;;;;;
20/01/2021;18;Abidjan;20/01/2021;1;7.200;53721;Non;;;;;
20/01/2021;18;Abidjan;20/01/2021;1;7.200;54721;Non;;;;;
20/01/2021;18;Abidjan;20/01/2021;1;7.200;55721;Non;;;;;
20/01/2021;18;Abidjan;20/01/2021;2;7.200;56721;Non;;;;;
20/01/2021;18;Abidjan;20/01/2021;2;7.200;57721;Non;;;;;
20/01/2021;18;Abidjan;20/01/2021;2;7.200;58721;Non;;;;;
20/01/2021;18;Abidjan;20/01/2021;2;7.200;59721;Non;;;;;
20/01/2021;18;Abidjan;20/01/2021;2;7.200;60721;Non;;;;;
20/01/2021;18;Abidjan;20/01/2021;2;7.200;61721;Non;;;;;
20/01/2021;18;Abidjan;20/01/2021;2;7.200;62721;Non;;;;;
20/01/2021;18;Abidjan;20/01/2021;2;7.200;63721;Non;;;;;
20/01/2021;18;Abidjan;20/01/2021;2;7.200;64721;Non;;;;;
20/01/2021;18;Abidjan;20/01/2021;2;7.200;65721;Non;;;;;
20/01/2021;18;Abidjan;20/01/2021;2;7.200;66721;Non;;;;;
20/01/2021;18;Abidjan;20/01/2021;2;7.200;67721;Non;;;;;
20/01/2021;18;Abidjan;20/01/2021;2;7.200;68721;Non;;;;;
20/01/2021;18;Abidjan;20/01/2021;2;7.200;69721;Non;;;;;
20/01/2021;18;Abidjan;20/01/2021;2;7.200;70721;Non;;;;;
20/01/2021;18;Abidjan;20/01/2021;2;7.200;71721;Non;;;;;
20/01/2021;18;Abidjan;20/01/2021;2;7.200;72721;Non;;;;;
20/01/2021;18;Abidjan;20/01/2021;2;7.200;73721;Non;;;;;
21/01/2021;19;Abidjan;21/01/2021;1;7.200;74721;Non;;;;;
21/01/2021;19;Abidjan;21/01/2021;1;7.200;75721;Non;;;;;
21/01/2021;19;Abidjan;21/01/2021;1;7.200;76721;Non;;;;;
21/01/2021;19;Abidjan;21/01/2021;1;7.200;77721;Non;;;;;
21/01/2021;19;Abidjan;21/01/2021;1;7.200;78721;Non;;;;;
21/01/2021;19;Abidjan;21/01/2021;1;7.200;79721;Non;;;;;
21/01/2021;19;Abidjan;21/01/2021;1;7.200;80721;Non;;;;;
21/01/2021;19;Abidjan;21/01/2021;1;7.200;81721;Non;;;;;
21/01/2021;19;Abidjan;21/01/2021;1;7.200;82721;Non;;;;;
21/01/2021;19;Abidjan;21/01/2021;1;7.200;83721;Non;;;;;
21/01/2021;19;Abidjan;21/01/2021;1;7.200;84721;Non;;;;;
21/01/2021;19;Abidjan;21/01/2021;1;7.200;85721;Non;;;;;
21/01/2021;19;Abidjan;21/01/2021;1;7.200;86721;Non;;;;;
21/01/2021;19;Abidjan;21/01/2021;1;7.200;87721;Non;;;;;
21/01/2021;19;Abidjan;21/01/2021;1;7.200;88721;Non;;;;;
21/01/2021;19;Abidjan;21/01/2021;1;7.200;89721;Non;;;;;
21/01/2021;19;Abidjan;21/01/2021;1;7.200;90721;Non;;;;;
21/01/2021;19;Abidjan;21/01/2021;1;7.200;91721;Non;;;;;
21/01/2021;19;Abidjan;21/01/2021;2;9.200;92921;Non;;;;;
21/01/2021;19;Abidjan;21/01/2021;2;9.200;93921;Non;;;;;
21/01/2021;19;Abidjan;21/01/2021;2;9.200;94921;Non;;;;;
21/01/2021;19;Abidjan;21/01/2021;2;9.200;95921;Non;;;;;
21/01/2021;19;Abidjan;21/01/2021;2;9.200;96921;Rebus Mineur;;;;;
21/01/2021;19;Abidjan;21/01/2021;2;9.200;97921;Non;;;;;
21/01/2021;19;Abidjan;21/01/2021;2;7.200;98721;Non;;;;;
21/01/2021;19;Abidjan;21/01/2021;2;7.200;99721;Non;;;;;
21/01/2021;19;Abidjan;21/01/2021;2;7.200;100721;Non;;;;;
21/01/2021;19;Abidjan;21/01/2021;2;7.200;101721;Non;;;;;
21/01/2021;19;Abidjan;21/01/2021;2;7.200;102721;Non;;;;;
21/01/2021;19;Abidjan;21/01/2021;2;7.200;103721;Non;;;;;
21/01/2021;19;Abidjan;21/01/2021;2;7.200;104721;Non;;;;;
21/01/2021;19;Abidjan;21/01/2021;2;7.200;105721;Non;;;;;
21/01/2021;19;Abidjan;21/01/2021;2;9.200;106921;Non;;;;;
21/01/2021;19;Abidjan;21/01/2021;2;9.200;107921;Non;;;;;
21/01/2021;19;Abidjan;21/01/2021;2;9.200;108921;Non;;;;;
21/01/2021;19;Abidjan;21/01/2021;2;7.200;109721;Non;;;;;
22/01/2021;20;Abidjan;22/01/2021;1;9.200;110921;Non;;;;;
22/01/2021;20;Abidjan;22/01/2021;1;9.200;111921;Non;;;;;
22/01/2021;20;Abidjan;22/01/2021;1;9.200;112921;Non;;;;;
22/01/2021;20;Abidjan;22/01/2021;1;9.200;113921;Non;;;;;
22/01/2021;20;Abidjan;22/01/2021;1;9.200;114921;Non;;;;;
22/01/2021;20;Abidjan;22/01/2021;1;9.200;115921;Non;;;;;
22/01/2021;20;Abidjan;22/01/2021;1;9.200;116921;Non;;;;;
22/01/2021;20;Abidjan;22/01/2021;1;9.200;117921;Non;;;;;
22/01/2021;20;Abidjan;22/01/2021;1;9.200;118921;Non;;;;;
22/01/2021;20;Abidjan;22/01/2021;1;9.200;119921;Non;;;;;
22/01/2021;20;Abidjan;22/01/2021;1;9.200;120921;Rebus Mineur;;;;;
22/01/2021;20;Abidjan;22/01/2021;1;9.200;121921;Non;;;;;
22/01/2021;20;Abidjan;22/01/2021;1;9.200;122921;Non;;;;;
22/01/2021;20;Abidjan;22/01/2021;1;9.200;123921;Non;;;;;
22/01/2021;20;Abidjan;22/01/2021;1;9.200;124921;Non;;;;;
22/01/2021;20;Abidjan;22/01/2021;1;9.200;125921;Non;;;;;
22/01/2021;20;Abidjan;22/01/2021;1;9.200;126921;Non;;;;;
22/01/2021;20;Abidjan;22/01/2021;1;9.200;127921;Non;;;;;
22/01/2021;20;Abidjan;22/01/2021;2;9.200;128921;Non;;;;;
22/01/2021;20;Abidjan;22/01/2021;2;9.200;129921;Non;;;;;
22/01/2021;20;Abidjan;22/01/2021;2;9.200;130921;Non;;;;;
22/01/2021;20;Abidjan;22/01/2021;2;9.200;131921;Rebus Mineur;;;;;
22/01/2021;20;Abidjan;22/01/2021;2;9.200;132921;Non;;;;;
22/01/2021;20;Abidjan;22/01/2021;2;9.200;133921;Non;;;;;
22/01/2021;20;Abidjan;22/01/2021;2;9.200;134921;Non;;;;;
22/01/2021;20;Abidjan;22/01/2021;2;9.200;135921;Non;;;;;
22/01/2021;20;Abidjan;22/01/2021;2;9.200;136921;Non;;;;;
22/01/2021;20;Abidjan;22/01/2021;2;9.200;137921;Non;;;;;
22/01/2021;20;Abidjan;22/01/2021;2;9.200;138921;Non;;;;;
22/01/2021;20;Abidjan;22/01/2021;2;9.200;139921;Non;;;;;
22/01/2021;20;Abidjan;22/01/2021;2;9.200;140921;Non;;;;;
22/01/2021;20;Abidjan;22/01/2021;2;9.200;141921;Non;;;;;
22/01/2021;20;Abidjan;22/01/2021;2;9.200;142921;Non;;;;;
22/01/2021;20;Abidjan;22/01/2021;2;9.200;143921;Non;;;;;
22/01/2021;20;Abidjan;22/01/2021;2;9.200;144921;Non;;;;;
22/01/2021;20;Abidjan;22/01/2021;2;9.200;145921;Non;;;;;
25/01/2021;21;Abidjan;15/01/2021;1;9.650;146921;Non;;;;;
25/01/2021;21;Abidjan;15/01/2021;1;9.650;147921;Non;;;;;
25/01/2021;21;Abidjan;15/01/2021;1;9.650;148921;Non;;;;;
25/01/2021;21;Abidjan;15/01/2021;1;9.650;149921;Non;;;;;
25/01/2021;21;Abidjan;15/01/2021;1;9.650;150921;Non;;;;;
25/01/2021;21;Abidjan;15/01/2021;1;9.650;151921;Non;;;;;
25/01/2021;21;Abidjan;15/01/2021;1;9.650;152921;Non;;;;;
25/01/2021;21;Abidjan;15/01/2021;1;9.650;153921;Non;;;;;
25/01/2021;21;Abidjan;15/01/2021;1;9.650;154921;Non;;;;;
25/01/2021;21;Abidjan;15/01/2021;1;9.650;155921;Non;;;;;
25/01/2021;21;Abidjan;15/01/2021;1;9.650;156921;Non;;;;;
25/01/2021;21;Abidjan;15/01/2021;1;9.650;157921;Non;;;;;
25/01/2021;21;Abidjan;15/01/2021;1;9.650;158921;Non;;;;;
25/01/2021;21;Abidjan;15/01/2021;1;9.650;159921;Non;;;;;
25/01/2021;21;Abidjan;15/01/2021;1;9.650;160921;Non;;;;;
25/01/2021;21;Abidjan;15/01/2021;1;9.650;161921;Non;;;;;
25/01/2021;21;Abidjan;15/01/2021;1;9.650;162921;Non;;;;;
25/01/2021;21;Abidjan;15/01/2021;1;9.650;163921;Non;;;;;
25/01/2021;21;Abidjan;15/01/2021;1;9.650;164921;Non;;;;;
25/01/2021;21;Abidjan;15/01/2021;1;9.650;165921;Non;;;;;
25/01/2021;21;Abidjan;15/01/2021;1;9.650;166921;Non;;;;;
25/01/2021;21;Abidjan;15/01/2021;1;9.650;167921;Non;;;;;
25/01/2021;21;Abidjan;15/01/2021;1;9.650;168921;Non;;;;;
25/01/2021;21;Abidjan;15/01/2021;1;9.650;169921;Non;;;;;
25/01/2021;21;Abidjan;15/01/2021;1;9.650;170921;Non;;;;;
25/01/2021;21;Abidjan;15/01/2021;1;9.650;171921;Non;;;;;
25/01/2021;21;Abidjan;15/01/2021;1;9.650;172921;Non;;;;;
25/01/2021;21;Abidjan;15/01/2021;1;9.650;173921;Non;;;;;
25/01/2021;21;Abidjan;15/01/2021;1;9.650;174921;Non;;;;;
25/01/2021;21;Abidjan;15/01/2021;1;9.650;175921;Rebus Majeur;;;;;
25/01/2021;21;Abidjan;15/01/2021;1;9.650;176921;Non;;;;;
25/01/2021;21;Abidjan;15/01/2021;1;9.650;177921;Non;;;;;
25/01/2021;21;Abidjan;15/01/2021;2;9.650;178921;Non;;;;;
25/01/2021;21;Abidjan;15/01/2021;2;9.650;179921;Rebus Mineur;;;;;
25/01/2021;21;Abidjan;15/01/2021;2;9.650;180921;Non;;;;;
25/01/2021;21;Abidjan;15/01/2021;2;9.650;181921;Non;;;;;
25/01/2021;21;Abidjan;15/01/2021;2;9.650;182921;Non;;;;;
25/01/2021;21;Abidjan;15/01/2021;2;9.650;183921;Non;;;;;
25/01/2021;21;Abidjan;15/01/2021;2;9.650;184921;Non;;;;;
25/01/2021;21;Abidjan;15/01/2021;2;9.650;185921;Non;;;;;
25/01/2021;21;Abidjan;15/01/2021;2;9.650;186921;Non;;;;;
25/01/2021;21;Abidjan;15/01/2021;2;9.650;187921;Non;;;;;
25/01/2021;21;Abidjan;15/01/2021;2;9.650;188921;Non;;;;;
25/01/2021;21;Abidjan;15/01/2021;2;9.650;189921;Non;;;;;
25/01/2021;21;Abidjan;15/01/2021;2;9.650;190921;Non;;;;;
25/01/2021;21;Abidjan;15/01/2021;2;9.650;191921;Non;;;;;
25/01/2021;21;Abidjan;15/01/2021;2;9.650;192921;Non;;;;;
25/01/2021;21;Abidjan;15/01/2021;2;9.650;193921;Non;;;;;
25/01/2021;21;Abidjan;15/01/2021;2;9.650;194921;Non;;;;;
25/01/2021;21;Abidjan;15/01/2021;2;9.650;195921;Non;;;;;
25/01/2021;21;Abidjan;15/01/2021;2;9.650;196921;Non;;;;;
25/01/2021;21;Abidjan;15/01/2021;2;9.650;197921;Non;;;;;
25/01/2021;21;Abidjan;15/01/2021;2;9.650;198921;Non;;;;;
25/01/2021;21;Abidjan;15/01/2021;2;9.650;199921;Non;;;;;
25/01/2021;21;Abidjan;15/01/2021;2;9.650;200921;Non;;;;;
25/01/2021;21;Abidjan;15/01/2021;2;9.650;201921;Non;;;;;
25/01/2021;21;Abidjan;15/01/2021;2;9.650;202921;Non;;;;;
25/01/2021;21;Abidjan;15/01/2021;2;9.650;203921;Non;;;;;
25/01/2021;21;Abidjan;15/01/2021;2;9.650;204921;Non;;;;;
25/01/2021;21;Abidjan;15/01/2021;2;9.650;205921;Non;;;;;
25/01/2021;21;Abidjan;15/01/2021;2;9.650;206921;Non;;;;;
25/01/2021;21;Abidjan;15/01/2021;2;9.650;207921;Non;;;;;
25/01/2021;21;Abidjan;15/01/2021;2;9.650;208921;Non;;;;;
25/01/2021;21;Abidjan;15/01/2021;2;9.650;209921;Non;;;;;
26/01/2021;22;Abidjan;16/01/2021;1;12.300;2101221;Non;;;;;
26/01/2021;22;Abidjan;16/01/2021;1;12.300;2111221;Non;;;;;
26/01/2021;22;Abidjan;16/01/2021;1;12.300;2121221;Non;;;;;
26/01/2021;22;Abidjan;16/01/2021;1;12.300;2131221;Non;;;;;
26/01/2021;22;Abidjan;16/01/2021;1;12.300;2141221;Rebus Mineur;;;;;
26/01/2021;22;Abidjan;16/01/2021;1;12.300;2151221;Non;;;;;
26/01/2021;22;Abidjan;16/01/2021;1;12.300;2161221;Non;;;;;
26/01/2021;22;Abidjan;16/01/2021;1;12.300;2171221;Non;;;;;
26/01/2021;22;Abidjan;16/01/2021;1;12.300;2181221;Non;;;;;
26/01/2021;22;Abidjan;16/01/2021;1;12.300;2191221;Non;;;;;
26/01/2021;22;Abidjan;16/01/2021;1;12.300;2201221;Non;;;;;
26/01/2021;22;Abidjan;16/01/2021;1;12.300;2211221;Non;;;;;
26/01/2021;22;Abidjan;16/01/2021;1;12.300;2221221;Non;;;;;
26/01/2021;22;Abidjan;16/01/2021;1;12.300;2231221;Non;;;;;
26/01/2021;22;Abidjan;16/01/2021;1;12.300;2241221;Non;;;;;
26/01/2021;22;Abidjan;16/01/2021;1;12.300;2251221;Non;;;;;
26/01/2021;22;Abidjan;16/01/2021;1;12.300;2261221;Rebus Mineur;;;;;
26/01/2021;22;Abidjan;16/01/2021;1;12.300;2271221;Non;;;;;
26/01/2021;22;Abidjan;16/01/2021;1;12.300;2281221;Non;;;;;
26/01/2021;22;Abidjan;16/01/2021;1;12.300;2291221;Non;;;;;
26/01/2021;22;Abidjan;16/01/2021;1;12.300;2301221;Non;;;;;
26/01/2021;22;Abidjan;16/01/2021;1;12.300;2311221;Non;;;;;
26/01/2021;22;Abidjan;16/01/2021;1;12.300;2321221;Non;;;;;
26/01/2021;22;Abidjan;16/01/2021;1;12.300;2331221;Non;;;;;
26/01/2021;22;Abidjan;16/01/2021;1;12.300;2341221;Non;;;;;
26/01/2021;22;Abidjan;16/01/2021;1;12.300;2351221;Non;;;;;
26/01/2021;22;Abidjan;16/01/2021;1;12.300;2361221;Non;;;;;
26/01/2021;22;Abidjan;16/01/2021;1;12.300;2371221;Non;;;;;
26/01/2021;22;Abidjan;16/01/2021;1;12.300;2381221;Non;;;;;
26/01/2021;22;Abidjan;16/01/2021;1;12.300;2391221;Non;;;;;
26/01/2021;22;Abidjan;16/01/2021;1;12.300;2401221;Non;;;;;
26/01/2021;22;Abidjan;16/01/2021;1;12.300;2411221;Non;;;;;
26/01/2021;22;Abidjan;16/01/2021;2;12.300;2421221;Non;;;;;
26/01/2021;22;Abidjan;16/01/2021;2;12.300;2431221;Non;;;;;
26/01/2021;22;Abidjan;16/01/2021;2;12.300;2441221;Non;;;;;
26/01/2021;22;Abidjan;16/01/2021;2;12.300;2451221;Rebus Mineur;;;;;
26/01/2021;22;Abidjan;16/01/2021;2;12.300;2461221;Non;;;;;
26/01/2021;22;Abidjan;16/01/2021;2;12.300;2471221;Non;;;;;
26/01/2021;22;Abidjan;16/01/2021;2;12.300;2481221;Non;;;;;
26/01/2021;22;Abidjan;16/01/2021;2;12.300;2491221;Non;;;;;
26/01/2021;22;Abidjan;16/01/2021;2;12.300;2501221;Non;;;;;
26/01/2021;22;Abidjan;16/01/2021;2;12.300;2511221;Non;;;;;
26/01/2021;22;Abidjan;16/01/2021;2;12.300;2521221;Non;;;;;
26/01/2021;22;Abidjan;16/01/2021;2;12.300;2531221;Non;;;;;
26/01/2021;22;Abidjan;16/01/2021;2;12.300;2541221;Non;;;;;
26/01/2021;22;Abidjan;16/01/2021;2;12.300;2551221;Non;;;;;
26/01/2021;22;Abidjan;16/01/2021;2;12.300;2561221;Non;;;;;
26/01/2021;22;Abidjan;16/01/2021;2;12.300;2571221;Non;;;;;
26/01/2021;22;Abidjan;16/01/2021;2;12.300;2581221;Non;;;;;
26/01/2021;22;Abidjan;16/01/2021;2;12.300;2591221;Non;;;;;
26/01/2021;22;Abidjan;16/01/2021;2;12.300;2601221;Rebus Mineur;;;;;
26/01/2021;22;Abidjan;16/01/2021;2;12.300;2611221;Non;;;;;
26/01/2021;22;Abidjan;16/01/2021;2;12.300;2621221;Non;;;;;
26/01/2021;22;Abidjan;16/01/2021;2;12.300;2631221;Non;;;;;
26/01/2021;22;Abidjan;16/01/2021;2;12.300;2641221;Non;;;;;
26/01/2021;22;Abidjan;16/01/2021;2;12.300;2651221;Non;;;;;
26/01/2021;22;Abidjan;16/01/2021;2;12.300;2661221;Non;;;;;
26/01/2021;22;Abidjan;16/01/2021;2;12.300;2671221;Non;;;;;
26/01/2021;22;Abidjan;16/01/2021;2;12.300;2681221;Non;;;;;
26/01/2021;22;Abidjan;16/01/2021;2;12.300;2691221;Non;;;;;
26/01/2021;22;Abidjan;16/01/2021;2;12.300;2701221;Non;;;;;
26/01/2021;22;Abidjan;16/01/2021;2;12.300;2711221;Non;;;;;
26/01/2021;22;Abidjan;16/01/2021;2;12.300;2721221;Rebus Mineur;;;;;
26/01/2021;22;Abidjan;16/01/2021;2;12.300;2731221;Non;;;;;
27/01/2021;23;Abidjan;17/01/2021;1;9.800;274921;Non;;;;;
27/01/2021;23;Abidjan;17/01/2021;1;9.800;275921;Non;;;;;
27/01/2021;23;Abidjan;17/01/2021;1;9.800;276921;Non;;;;;
27/01/2021;23;Abidjan;17/01/2021;1;9.650;277921;Non;;;;;
27/01/2021;23;Abidjan;17/01/2021;1;9.650;278921;Non;;;;;
27/01/2021;23;Abidjan;17/01/2021;1;9.800;279921;Non;;;;;
27/01/2021;23;Abidjan;17/01/2021;1;13.300;2801321;Non;;;;;
27/01/2021;23;Abidjan;17/01/2021;1;13.300;2811321;Non;;;;;
27/01/2021;23;Abidjan;17/01/2021;1;13.300;2821321;Non;;;;;
27/01/2021;23;Abidjan;17/01/2021;1;9.800;283921;Rebus Mineur;;;;;
27/01/2021;23;Abidjan;17/01/2021;1;9.800;284921;Non;;;;;
27/01/2021;23;Abidjan;17/01/2021;1;9.650;285921;Non;;;;;
27/01/2021;23;Abidjan;17/01/2021;1;9.650;286921;Non;;;;;
27/01/2021;23;Abidjan;17/01/2021;1;9.650;287921;Non;;;;;
27/01/2021;23;Abidjan;17/01/2021;1;9.650;288921;Non;;;;;
27/01/2021;23;Abidjan;17/01/2021;1;9.650;289921;Non;;;;;
27/01/2021;23;Abidjan;17/01/2021;1;13.300;2901321;Rebus Mineur;;;;;
27/01/2021;23;Abidjan;17/01/2021;1;13.300;2911321;Rebus Mineur;;;;;
27/01/2021;23;Abidjan;17/01/2021;1;13.300;2921321;Non;;;;;
27/01/2021;23;Abidjan;17/01/2021;1;13.300;2931321;Rebus Mineur;;;;;
27/01/2021;23;Abidjan;17/01/2021;1;13.300;2941321;Non;;;;;
27/01/2021;23;Abidjan;17/01/2021;1;9.800;295921;Non;;;;;
27/01/2021;23;Abidjan;17/01/2021;1;9.800;296921;Non;;;;;
27/01/2021;23;Abidjan;17/01/2021;1;9.800;297921;Non;;;;;
27/01/2021;23;Abidjan;17/01/2021;1;9.800;298921;Non;;;;;
27/01/2021;23;Abidjan;17/01/2021;1;9.800;299921;Non;;;;;
27/01/2021;23;Abidjan;17/01/2021;1;9.800;300921;Non;;;;;
27/01/2021;23;Abidjan;17/01/2021;1;12.300;3011221;Rebus Mineur;;;;;
27/01/2021;23;Abidjan;17/01/2021;1;9.650;302921;Non;;;;;
27/01/2021;23;Abidjan;17/01/2021;1;9.650;303921;Non;;;;;
27/01/2021;23;Abidjan;17/01/2021;1;9.650;304921;Non;;;;;
27/01/2021;23;Abidjan;17/01/2021;1;9.650;305921;Non;;;;;
27/01/2021;23;Abidjan;17/01/2021;1;9.650;306921;Non;;;;;
27/01/2021;23;Abidjan;17/01/2021;1;9.650;307921;Non;;;;;
27/01/2021;23;Abidjan;17/01/2021;1;9.650;308921;Non;;;;;
27/01/2021;23;Abidjan;17/01/2021;1;9.650;309921;Non;;;;;
27/01/2021;23;Abidjan;17/01/2021;1;9.300;310921;Non;;;;;
27/01/2021;23;Abidjan;17/01/2021;1;9.650;311921;Non;;;;;
27/01/2021;23;Abidjan;17/01/2021;1;9.650;312921;Non;;;;;
27/01/2021;23;Abidjan;17/01/2021;1;9.650;313921;Non;;;;;
27/01/2021;23;Abidjan;17/01/2021;1;9.650;314921;Non;;;;;
27/01/2021;23;Abidjan;17/01/2021;1;9.800;315921;Non;;;;;
27/01/2021;23;Abidjan;17/01/2021;1;13.300;3161321;Non;;;;;
27/01/2021;23;Abidjan;17/01/2021;1;13.300;3171321;Non;;;;;
27/01/2021;23;Abidjan;17/01/2021;1;9.800;318921;Non;;;;;
27/01/2021;23;Abidjan;17/01/2021;1;9.800;319921;Non;;;;;
27/01/2021;23;Abidjan;17/01/2021;1;9.800;320921;Non;;;;;
27/01/2021;23;Abidjan;17/01/2021;1;9.800;321921;Non;;;;;
27/01/2021;23;Abidjan;17/01/2021;1;9.800;322921;Non;;;;;
27/01/2021;23;Abidjan;17/01/2021;1;9.800;323921;Non;;;;;
27/01/2021;23;Abidjan;17/01/2021;1;13.300;3241321;Non;;;;;
27/01/2021;23;Abidjan;17/01/2021;1;13.300;3251321;Non;;;;;
27/01/2021;23;Abidjan;17/01/2021;1;9.650;326921;Non;;;;;
27/01/2021;23;Abidjan;17/01/2021;1;9.650;327921;Non;;;;;
27/01/2021;24;Abidjan;17/01/2021;1;9.800;328921;Non;;;;;
27/01/2021;24;Abidjan;17/01/2021;1;9.800;329921;Non;;;;;
27/01/2021;24;Abidjan;17/01/2021;1;9.800;330921;Non;;;;;
27/01/2021;24;Abidjan;17/01/2021;1;9.650;331921;Non;;;;;
27/01/2021;24;Abidjan;17/01/2021;1;9.650;332921;Non;;;;;
27/01/2021;24;Abidjan;17/01/2021;1;9.800;333921;Non;;;;;
27/01/2021;24;Abidjan;17/01/2021;1;9.650;334921;Non;;;;;
27/01/2021;24;Abidjan;17/01/2021;1;9.650;335921;Non;;;;;
27/01/2021;24;Abidjan;17/01/2021;1;9.650;336921;Non;;;;;
27/01/2021;24;Abidjan;17/01/2021;1;9.650;337921;Non;;;;;
27/01/2021;24;Abidjan;17/01/2021;1;13.300;3381321;Non;;;;;
27/01/2021;24;Abidjan;17/01/2021;1;13.300;3391321;Non;;;;;
27/01/2021;24;Abidjan;17/01/2021;1;9.650;340921;Non;;;;;
27/01/2021;24;Abidjan;17/01/2021;1;9.800;341921;Non;;;;;
27/01/2021;24;Abidjan;17/01/2021;1;9.800;342921;Non;;;;;
27/01/2021;24;Abidjan;17/01/2021;1;13.300;3431321;Non;;;;;
27/01/2021;24;Abidjan;17/01/2021;1;13.300;3441321;Non;;;;;
27/01/2021;24;Abidjan;17/01/2021;1;13.300;3451321;Non;;;;;
27/01/2021;24;Abidjan;17/01/2021;1;9.800;346921;Non;;;;;
27/01/2021;24;Abidjan;17/01/2021;1;9.800;347921;Non;;;;;
27/01/2021;24;Abidjan;17/01/2021;1;9.800;348921;Non;;;;;
27/01/2021;24;Abidjan;17/01/2021;1;13.300;3491321;Non;;;;;
27/01/2021;24;Abidjan;17/01/2021;1;13.300;3501321;Non;;;;;
27/01/2021;24;Abidjan;17/01/2021;1;9.800;351921;Rebus Mineur;;;;;
27/01/2021;24;Abidjan;17/01/2021;1;9.800;352921;Non;;;;;
27/01/2021;24;Abidjan;17/01/2021;1;9.800;353921;Non;;;;;
27/01/2021;24;Abidjan;17/01/2021;1;9.650;354921;Non;;;;;
27/01/2021;24;Abidjan;17/01/2021;1;9.650;355921;Non;;;;;
27/01/2021;24;Abidjan;17/01/2021;1;9.650;356921;Non;;;;;
27/01/2021;24;Abidjan;17/01/2021;1;9.650;357921;Non;;;;;
27/01/2021;24;Abidjan;17/01/2021;1;9.650;358921;Non;;;;;
27/01/2021;24;Abidjan;17/01/2021;1;9.650;359921;Non;;;;;
27/01/2021;24;Abidjan;17/01/2021;1;9.650;360921;Non;;;;;
27/01/2021;24;Abidjan;17/01/2021;1;9.650;361921;Non;;;;;
27/01/2021;24;Abidjan;17/01/2021;1;9.650;362921;Non;;;;;
27/01/2021;24;Abidjan;17/01/2021;1;9.650;363921;Non;;;;;
27/01/2021;24;Abidjan;17/01/2021;1;9.650;364921;Non;;;;;
27/01/2021;24;Abidjan;17/01/2021;1;9.650;365921;Non;;;;;
27/01/2021;24;Abidjan;17/01/2021;1;9.800;366921;Non;;;;;
27/01/2021;24;Abidjan;17/01/2021;1;9.800;367921;Non;;;;;
27/01/2021;24;Abidjan;17/01/2021;1;9.800;368921;Non;;;;;
27/01/2021;24;Abidjan;17/01/2021;1;9.800;369921;Non;;;;;
27/01/2021;24;Abidjan;17/01/2021;1;13.300;3701321;Non;;;;;
27/01/2021;24;Abidjan;17/01/2021;1;13.300;3711321;Non;;;;;
27/01/2021;24;Abidjan;17/01/2021;2;9.650;372921;Non;;;;;
27/01/2021;24;Abidjan;17/01/2021;2;9.650;373921;Non;;;;;
27/01/2021;24;Abidjan;17/01/2021;2;13.300;3741321;Non;;;;;
27/01/2021;24;Abidjan;17/01/2021;2;13.300;3751321;Non;;;;;
27/01/2021;24;Abidjan;17/01/2021;2;13.300;3761321;Non;;;;;
27/01/2021;24;Abidjan;17/01/2021;2;9.800;377921;Non;;;;;
27/01/2021;24;Abidjan;17/01/2021;2;9.800;378921;Non;;;;;
27/01/2021;24;Abidjan;17/01/2021;2;9.800;379921;Non;;;;;
28/01/2021;25;Abidjan;18/01/2021;1;13.650;3801321;Non;;;;;
28/01/2021;25;Abidjan;18/01/2021;1;13.300;381321;Non;;;;;
28/01/2021;25;Abidjan;18/01/2021;1;12.300;3821221;Non;;;;;
28/01/2021;25;Abidjan;18/01/2021;1;12.300;3831221;Rebus Mineur;;;;;
28/01/2021;25;Abidjan;18/01/2021;1;12.300;3841221;Non;;;;;
28/01/2021;25;Abidjan;18/01/2021;1;12.300;3851221;Rebus Mineur;;;;;
28/01/2021;25;Abidjan;18/01/2021;1;12.300;3861221;Non;;;;;
28/01/2021;25;Abidjan;18/01/2021;1;7.200;387921;Non;;;;;
28/01/2021;25;Abidjan;18/01/2021;1;13.300;3881321;Non;;;;;
28/01/2021;25;Abidjan;18/01/2021;1;12.300;3891221;Non;;;;;
28/01/2021;25;Abidjan;18/01/2021;1;12.300;3901221;Non;;;;;
28/01/2021;25;Abidjan;18/01/2021;1;9.1000;391921;Non;;;;;
28/01/2021;25;Abidjan;18/01/2021;1;9.1000;392921;Non;;;;;
28/01/2021;25;Abidjan;18/01/2021;1;7.200;393721;Non;;;;;
28/01/2021;25;Abidjan;18/01/2021;1;7.200;394721;Non;;;;;
28/01/2021;25;Abidjan;18/01/2021;1;12.1250;3951221;Non;;;;;
28/01/2021;25;Abidjan;18/01/2021;1;12.800;3961221;Non;;;;;
28/01/2021;25;Abidjan;18/01/2021;1;13.800;3971321;Non;;;;;
28/01/2021;25;Abidjan;18/01/2021;1;9.1000;398921;Non;;;;;
28/01/2021;25;Abidjan;18/01/2021;1;9.650;399921;Non;;;;;
28/01/2021;25;Abidjan;18/01/2021;1;13.800;4001321;Non;;;;;
28/01/2021;25;Abidjan;18/01/2021;1;13.800;4011321;Non;;;;;
28/01/2021;25;Abidjan;18/01/2021;1;13.800;4021321;Non;;;;;
28/01/2021;25;Abidjan;18/01/2021;1;12.300;4031221;Non;;;;;
28/01/2021;25;Abidjan;18/01/2021;1;9.1000;404921;Non;;;;;
28/01/2021;25;Abidjan;18/01/2021;1;9.1000;405921;Non;;;;;
28/01/2021;25;Abidjan;18/01/2021;1;9.1000;406921;Non;;;;;
28/01/2021;25;Abidjan;18/01/2021;1;12.300;4071221;Non;;;;;
28/01/2021;25;Abidjan;18/01/2021;1;12.300;4081221;Non;;;;;
28/01/2021;25;Abidjan;18/01/2021;1;7.200;409721;Non;;;;;
28/01/2021;25;Abidjan;18/01/2021;1;9.800;410921;Non;;;;;
28/01/2021;25;Abidjan;18/01/2021;1;7.200;411721;Non;;;;;
28/01/2021;25;Abidjan;18/01/2021;1;7.200;412721;Non;;;;;
28/01/2021;25;Abidjan;18/01/2021;1;7.200;413721;Non;;;;;
28/01/2021;25;Abidjan;18/01/2021;1;7.200;414721;Non;;;;;
28/01/2021;25;Abidjan;18/01/2021;1;12.300;4151221;Non;;;;;
28/01/2021;25;Abidjan;18/01/2021;1;12.300;4161221;Non;;;;;
28/01/2021;25;Abidjan;18/01/2021;1;12.300;4171221;Non;;;;;
28/01/2021;25;Abidjan;18/01/2021;1;7.200;418721;Non;;;;;
28/01/2021;25;Abidjan;18/01/2021;1;12.300;4191221;Non;;;;;
28/01/2021;25;Abidjan;18/01/2021;1;12.300;4201221;Non;;;;;
28/01/2021;25;Abidjan;18/01/2021;1;12.300;4211221;Non;;;;;
28/01/2021;25;Abidjan;18/01/2021;1;12.300;4221221;Non;;;;;
28/01/2021;25;Abidjan;18/01/2021;1;12.300;4231221;Non;;;;;
28/01/2021;25;Abidjan;18/01/2021;1;7.200;424721;Non;;;;;
28/01/2021;25;Abidjan;18/01/2021;1;12.300;4251221;Non;;;;;
28/01/2021;25;Abidjan;18/01/2021;1;12.300;4261221;Non;;;;;
28/01/2021;25;Abidjan;18/01/2021;1;12.300;4271221;Non;;;;;
28/01/2021;25;Abidjan;18/01/2021;1;12.650;4281221;Non;;;;;
28/01/2021;25;Abidjan;18/01/2021;1;7.200;429721;Non;;;;;
28/01/2021;25;Abidjan;18/01/2021;1;7.200;430721;Non;;;;;
28/01/2021;25;Abidjan;18/01/2021;1;7.200;431721;Non;;;;;
28/01/2021;25;Abidjan;18/01/2021;1;9.1000;432921;Non;;;;;
28/01/2021;25;Abidjan;18/01/2021;1;7.200;433721;Non;;;;;
28/01/2021;25;Abidjan;18/01/2021;1;7.200;434721;Non;;;;;
28/01/2021;25;Abidjan;18/01/2021;1;7.200;435721;Non;;;;;
28/01/2021;25;Abidjan;18/01/2021;1;7.200;436721;Non;;;;;
28/01/2021;25;Abidjan;18/01/2021;1;7.200;437721;Non;;;;;
28/01/2021;25;Abidjan;18/01/2021;1;9.800;438921;Non;;;;;
28/01/2021;25;Abidjan;18/01/2021;1;9.800;439921;Non;;;;;
28/01/2021;25;Abidjan;18/01/2021;1;9.800;440921;Non;;;;;
28/01/2021;25;Abidjan;18/01/2021;1;9.800;441921;Non;;;;;
28/01/2021;26;Abidjan;18/01/2021;2;13.500;4421321;Non;;;;;
28/01/2021;26;Abidjan;18/01/2021;2;12.300;4431221;Non;;;;;
28/01/2021;26;Abidjan;18/01/2021;2;12.300;4441221;Non;;;;;
28/01/2021;26;Abidjan;18/01/2021;2;12.300;4451221;Non;;;;;
28/01/2021;26;Abidjan;18/01/2021;2;12.300;4461221;Non;;;;;
28/01/2021;26;Abidjan;18/01/2021;2;12.300;4471221;Non;;;;;
28/01/2021;26;Abidjan;18/01/2021;2;12.300;4481221;Non;;;;;
28/01/2021;26;Abidjan;18/01/2021;2;12.300;4491221;Non;;;;;
28/01/2021;26;Abidjan;18/01/2021;2;9.800;450921;Non;;;;;
28/01/2021;26;Abidjan;18/01/2021;2;9.800;451921;Non;;;;;
28/01/2021;26;Abidjan;18/01/2021;2;12.300;4521221;Non;;;;;
28/01/2021;26;Abidjan;18/01/2021;2;12.300;4531221;Non;;;;;
28/01/2021;26;Abidjan;18/01/2021;2;7.200;454721;Non;;;;;
28/01/2021;26;Abidjan;18/01/2021;2;7.200;455721;Non;;;;;
28/01/2021;26;Abidjan;18/01/2021;2;7.200;456721;Non;;;;;
28/01/2021;26;Abidjan;18/01/2021;2;13.800;4571321;Non;;;;;
28/01/2021;26;Abidjan;18/01/2021;2;9.650;458921;Non;;;;;
28/01/2021;26;Abidjan;18/01/2021;2;9.650;459921;Non;;;;;
28/01/2021;26;Abidjan;18/01/2021;2;9.800;460921;Non;;;;;
28/01/2021;26;Abidjan;18/01/2021;2;9.800;461921;Non;;;;;
28/01/2021;26;Abidjan;18/01/2021;2;9.800;462921;Non;;;;;
28/01/2021;26;Abidjan;18/01/2021;2;9.800;463921;Non;;;;;
28/01/2021;26;Abidjan;18/01/2021;2;9.650;464921;Non;;;;;
28/01/2021;26;Abidjan;18/01/2021;2;9.650;465921;Non;;;;;
28/01/2021;26;Abidjan;18/01/2021;2;9.650;466921;Non;;;;;
28/01/2021;26;Abidjan;18/01/2021;2;12.1250;4671221;Non;;;;;
28/01/2021;26;Abidjan;18/01/2021;2;13.800;4681321;Non;;;;;
28/01/2021;26;Abidjan;18/01/2021;2;13.800;4691321;Non;;;;;
28/01/2021;26;Abidjan;18/01/2021;2;13.800;4701321;Non;;;;;
28/01/2021;26;Abidjan;18/01/2021;2;12.300;4711221;Non;;;;;
28/01/2021;26;Abidjan;18/01/2021;2;12.300;4721221;Non;;;;;
28/01/2021;26;Abidjan;18/01/2021;2;7.200;473721;Non;;;;;
28/01/2021;26;Abidjan;18/01/2021;2;7.200;474721;Non;;;;;
28/01/2021;26;Abidjan;18/01/2021;2;7.200;475721;Non;;;;;
28/01/2021;26;Abidjan;18/01/2021;2;7.200;476721;Non;;;;;
28/01/2021;26;Abidjan;18/01/2021;2;12.300;4771221;Non;;;;;
28/01/2021;26;Abidjan;18/01/2021;2;7.200;478721;Non;;;;;
28/01/2021;26;Abidjan;18/01/2021;2;7.200;479721;Non;;;;;
28/01/2021;26;Abidjan;18/01/2021;2;12.300;4801221;Non;;;;;
28/01/2021;26;Abidjan;18/01/2021;2;12.300;4811221;Non;;;;;
28/01/2021;26;Abidjan;18/01/2021;2;7.200;482721;Non;;;;;
28/01/2021;26;Abidjan;18/01/2021;2;12.300;4831221;Non;;;;;
28/01/2021;26;Abidjan;18/01/2021;2;12.300;4841221;Non;;;;;
28/01/2021;26;Abidjan;18/01/2021;2;12.300;4851221;Non;;;;;
28/01/2021;26;Abidjan;18/01/2021;2;12.300;486721;Non;;;;;
28/01/2021;26;Abidjan;18/01/2021;2;12.300;4871221;Non;;;;;
28/01/2021;26;Abidjan;18/01/2021;2;7.200;488721;Non;;;;;
28/01/2021;26;Abidjan;18/01/2021;2;12.300;4891221;Non;;;;;
28/01/2021;26;Abidjan;18/01/2021;2;7.200;490721;Non;;;;;
28/01/2021;26;Abidjan;18/01/2021;2;7.200;491721;Non;;;;;
28/01/2021;26;Abidjan;18/01/2021;2;7.200;492721;Non;;;;;
28/01/2021;26;Abidjan;18/01/2021;2;9.1000;493921;Non;;;;;
28/01/2021;26;Abidjan;18/01/2021;2;7.200;494721;Non;;;;;
28/01/2021;26;Abidjan;18/01/2021;2;7.200;495721;Non;;;;;
28/01/2021;26;Abidjan;18/01/2021;2;7.200;496721;Non;;;;;
28/01/2021;26;Abidjan;18/01/2021;2;12.300;4971221;Non;;;;;
28/01/2021;26;Abidjan;18/01/2021;2;7.200;498721;Non;;;;;
28/01/2021;26;Abidjan;18/01/2021;2;9.800;499921;Non;;;;;
28/01/2021;26;Abidjan;18/01/2021;2;9.800;500921;Non;;;;;
28/01/2021;26;Abidjan;18/01/2021;2;9.800;501921;Non;;;;;
28/01/2021;26;Abidjan;18/01/2021;2;9.800;502921;Non;;;;;
28/01/2021;26;Abidjan;18/01/2021;2;9.800;503921;Non;;;;;
29/01/2021;27;Abidjan;19/01/2021;1;7.200;504721;Non;;;;;
29/01/2021;27;Abidjan;19/01/2021;1;7.200;505721;Non;;;;;
29/01/2021;27;Abidjan;19/01/2021;1;7.200;506721;Non;;;;;
29/01/2021;27;Abidjan;19/01/2021;1;7.200;507721;Non;;;;;
29/01/2021;27;Abidjan;19/01/2021;1;12.300;5081221;Non;;;;;
29/01/2021;27;Abidjan;19/01/2021;1;12.300;5091221;Non;;;;;
29/01/2021;27;Abidjan;19/01/2021;1;12.300;5101221;Non;;;;;
29/01/2021;27;Abidjan;19/01/2021;1;7.200;511721;Non;;;;;
29/01/2021;27;Abidjan;19/01/2021;1;12.300;5121221;Non;;;;;
29/01/2021;27;Abidjan;19/01/2021;1;12.300;5131221;Non;;;;;
29/01/2021;27;Abidjan;19/01/2021;1;12.300;5141221;Non;;;;;
29/01/2021;27;Abidjan;19/01/2021;1;12.300;5151221;Non;;;;;
29/01/2021;27;Abidjan;19/01/2021;1;12.300;5161221;Non;;;;;
29/01/2021;27;Abidjan;19/01/2021;1;7.200;517721;Non;;;;;
29/01/2021;27;Abidjan;19/01/2021;1;12.300;5181221;Non;;;;;
29/01/2021;27;Abidjan;19/01/2021;1;12.300;5191221;Non;;;;;
29/01/2021;27;Abidjan;19/01/2021;1;12.300;5201221;Non;;;;;
29/01/2021;27;Abidjan;19/01/2021;1;12.300;5211221;Non;;;;;
29/01/2021;27;Abidjan;19/01/2021;1;7.200;522721;Non;;;;;
29/01/2021;27;Abidjan;19/01/2021;1;7.200;523721;Non;;;;;
29/01/2021;27;Abidjan;19/01/2021;1;7.200;524721;Non;;;;;
29/01/2021;27;Abidjan;19/01/2021;1;7.200;525721;Non;;;;;
29/01/2021;27;Abidjan;19/01/2021;1;7.200;526721;Non;;;;;
29/01/2021;27;Abidjan;19/01/2021;1;9.800;527921;Non;;;;;
29/01/2021;27;Abidjan;19/01/2021;1;12.400;5281221;Non;;;;;
29/01/2021;27;Abidjan;19/01/2021;1;13.800;5291321;Non;;;;;
29/01/2021;27;Abidjan;19/01/2021;1;13.800;5301321;Non;;;;;
29/01/2021;27;Abidjan;19/01/2021;1;7.200;531721;Non;;;;;
29/01/2021;27;Abidjan;19/01/2021;1;7.200;532721;Non;;;;;
29/01/2021;27;Abidjan;19/01/2021;1;7.200;533721;Non;;;;;
29/01/2021;27;Abidjan;19/01/2021;1;7.200;534721;Non;;;;;
29/01/2021;27;Abidjan;19/01/2021;1;12.400;5351221;Non;;;;;
29/01/2021;27;Abidjan;19/01/2021;1;12.400;5361221;Non;;;;;
29/01/2021;27;Abidjan;19/01/2021;1;12.400;5371221;Non;;;;;
29/01/2021;27;Abidjan;19/01/2021;1;12.400;5381221;Non;;;;;
29/01/2021;27;Abidjan;19/01/2021;1;12.400;3391221;Non;;;;;
29/01/2021;27;Abidjan;19/01/2021;1;9.800;340921;Non;;;;;
29/01/2021;27;Abidjan;19/01/2021;1;9.800;341921;Non;;;;;
29/01/2021;27;Abidjan;19/01/2021;1;9.800;342921;Non;;;;;
29/01/2021;27;Abidjan;19/01/2021;1;9.800;343921;Non;;;;;
29/01/2021;27;Abidjan;19/01/2021;1;9.650;344921;Non;;;;;
29/01/2021;27;Abidjan;19/01/2021;1;9.650;345921;Non;;;;;
29/01/2021;27;Abidjan;19/01/2021;1;9.650;346921;Non;;;;;
29/01/2021;27;Abidjan;19/01/2021;1;9.650;347921;Non;;;;;
29/01/2021;27;Abidjan;19/01/2021;1;7.200;348721;Non;;;;;
29/01/2021;27;Abidjan;19/01/2021;1;7.200;349721;Non;;;;;
29/01/2021;27;Abidjan;19/01/2021;1;7.200;350721;Non;;;;;
29/01/2021;27;Abidjan;19/01/2021;1;9.800;351921;Non;;;;;
29/01/2021;27;Abidjan;19/01/2021;1;9.800;352921;Non;;;;;
29/01/2021;27;Abidjan;19/01/2021;1;9.800;353921;Non;;;;;
29/01/2021;27;Abidjan;19/01/2021;1;9.800;354921;Non;;;;;
29/01/2021;27;Abidjan;19/01/2021;1;9.800;355921;Non;;;;;
29/01/2021;27;Abidjan;19/01/2021;1;9.650;356921;Non;;;;;
29/01/2021;27;Abidjan;19/01/2021;1;9.650;357921;Non;;;;;
29/01/2021;27;Abidjan;19/01/2021;1;9.650;358921;Non;;;;;
29/01/2021;27;Abidjan;19/01/2021;1;9.650;359921;Non;;;;;
29/01/2021;27;Abidjan;19/01/2021;1;9.650;360921;Non;;;;;
29/01/2021;27;Abidjan;19/01/2021;1;13.800;3611321;Non;;;;;
29/01/2021;27;Abidjan;19/01/2021;1;9.800;362921;Non;;;;;
29/01/2021;27;Abidjan;19/01/2021;1;9.650;363921;Non;;;;;
29/01/2021;27;Abidjan;19/01/2021;1;12.1250;3641221;Non;;;;;
29/01/2021;27;Abidjan;19/01/2021;1;13.800;3651321;Non;;;;;
29/01/2021;28;Abidjan;19/01/2021;2;9.800;566921;Non;;;;;
29/01/2021;28;Abidjan;19/01/2021;2;9.800;567921;Non;;;;;
29/01/2021;28;Abidjan;19/01/2021;2;9.800;568921;Non;;;;;
29/01/2021;28;Abidjan;19/01/2021;2;9.650;569921;Non;;;;;
29/01/2021;28;Abidjan;19/01/2021;2;12.300;5701221;Non;;;;;
29/01/2021;28;Abidjan;19/01/2021;2;12.300;5711221;Non;;;;;
29/01/2021;28;Abidjan;19/01/2021;2;7.200;572721;Non;;;;;
29/01/2021;28;Abidjan;19/01/2021;2;12.1250;5731221;Non;;;;;
29/01/2021;28;Abidjan;19/01/2021;2;9.800;574921;Non;;;;;
29/01/2021;28;Abidjan;19/01/2021;2;9.800;575921;Non;;;;;
29/01/2021;28;Abidjan;19/01/2021;2;12.300;5761221;Non;;;;;
29/01/2021;28;Abidjan;19/01/2021;2;9.650;577921;Non;;;;;
29/01/2021;28;Abidjan;19/01/2021;2;9.650;578921;Non;;;;;
29/01/2021;28;Abidjan;19/01/2021;2;9.650;579921;Non;;;;;
29/01/2021;28;Abidjan;19/01/2021;2;9.650;580921;Non;;;;;
29/01/2021;28;Abidjan;19/01/2021;2;9.650;581921;Non;;;;;
29/01/2021;28;Abidjan;19/01/2021;2;7.200;582721;Non;;;;;
29/01/2021;28;Abidjan;19/01/2021;2;7.200;583721;Non;;;;;
29/01/2021;28;Abidjan;19/01/2021;2;7.200;584721;Non;;;;;
29/01/2021;28;Abidjan;19/01/2021;2;12.300;5851221;Non;;;;;
29/01/2021;28;Abidjan;19/01/2021;2;12.300;5861221;Non;;;;;
29/01/2021;28;Abidjan;19/01/2021;2;12.300;5871221;Non;;;;;
29/01/2021;28;Abidjan;19/01/2021;2;12.300;5881221;Rebus Mineur;;;;;
29/01/2021;28;Abidjan;19/01/2021;2;12.300;5891221;Non;;;;;
29/01/2021;28;Abidjan;19/01/2021;2;9.800;590921;Non;;;;;
29/01/2021;28;Abidjan;19/01/2021;2;9.800;591921;Non;;;;;
29/01/2021;28;Abidjan;19/01/2021;2;9.800;592921;Non;;;;;
29/01/2021;28;Abidjan;19/01/2021;2;9.650;593921;Non;;;;;
29/01/2021;28;Abidjan;19/01/2021;2;9.650;594921;Non;;;;;
29/01/2021;28;Abidjan;19/01/2021;2;9.650;595921;Non;;;;;
29/01/2021;28;Abidjan;19/01/2021;2;9.800;596921;Non;;;;;
29/01/2021;28;Abidjan;19/01/2021;2;7.200;597721;Non;;;;;
29/01/2021;28;Abidjan;19/01/2021;2;7.200;598721;Non;;;;;
29/01/2021;28;Abidjan;19/01/2021;2;7.200;599721;Non;;;;;
29/01/2021;28;Abidjan;19/01/2021;2;7.200;600721;Non;;;;;
29/01/2021;28;Abidjan;19/01/2021;2;12.300;6011221;Non;;;;;
29/01/2021;28;Abidjan;19/01/2021;2;12.300;6021221;Non;;;;;
29/01/2021;28;Abidjan;19/01/2021;2;12.300;6031221;Non;;;;;
29/01/2021;28;Abidjan;19/01/2021;2;7.200;604721;Non;;;;;
29/01/2021;28;Abidjan;19/01/2021;2;12.300;6051221;Non;;;;;
29/01/2021;28;Abidjan;19/01/2021;2;12.300;6061221;Non;;;;;
29/01/2021;28;Abidjan;19/01/2021;2;12.300;6071221;Non;;;;;
29/01/2021;28;Abidjan;19/01/2021;2;12.300;6081221;Non;;;;;
29/01/2021;28;Abidjan;19/01/2021;2;12.300;6091221;Non;;;;;
29/01/2021;28;Abidjan;19/01/2021;2;7.200;610721;Non;;;;;
29/01/2021;28;Abidjan;19/01/2021;2;7.200;611721;Non;;;;;
29/01/2021;28;Abidjan;19/01/2021;2;7.200;612721;Non;;;;;
29/01/2021;28;Abidjan;19/01/2021;2;7.200;613721;Non;;;;;
29/01/2021;28;Abidjan;19/01/2021;2;7.200;614721;Non;;;;;
29/01/2021;28;Abidjan;19/01/2021;2;7.200;615721;Non;;;;;
29/01/2021;28;Abidjan;19/01/2021;2;9.650;616921;Non;;;;;
29/01/2021;28;Abidjan;19/01/2021;2;9.650;617921;Non;;;;;
29/01/2021;28;Abidjan;19/01/2021;2;9.650;618921;Non;;;;;
29/01/2021;28;Abidjan;19/01/2021;2;9.650;619921;Non;;;;;
29/01/2021;28;Abidjan;19/01/2021;2;7.200;620721;Non;;;;;
29/01/2021;28;Abidjan;19/01/2021;2;7.200;621721;Non;;;;;
29/01/2021;28;Abidjan;19/01/2021;2;7.200;622721;Non;;;;;
29/01/2021;28;Abidjan;19/01/2021;2;9.800;623921;Non;;;;;
29/01/2021;28;Abidjan;19/01/2021;2;9.800;624921;Non;;;;;
29/01/2021;28;Abidjan;19/01/2021;2;9.800;625921;Non;;;;;
29/01/2021;28;Abidjan;19/01/2021;2;9.800;626921;Non;;;;;
29/01/2021;28;Abidjan;19/01/2021;2;9.800;627921;Non;;;;;
01/02/2021;29;Abidjan;21/01/2021;1;9.400;628921;Non;;;;;
01/02/2021;29;Abidjan;21/01/2021;1;9.400;629921;Non;;;;;
01/02/2021;29;Abidjan;21/01/2021;1;9.400;630921;Non;;;;;
01/02/2021;29;Abidjan;21/01/2021;1;9.400;631921;Non;;;;;
01/02/2021;29;Abidjan;21/01/2021;1;9.400;632921;Non;;;;;
01/02/2021;29;Abidjan;21/01/2021;1;9.400;633921;Non;;;;;
01/02/2021;29;Abidjan;21/01/2021;1;9.400;634921;Non;;;;;
01/02/2021;29;Abidjan;21/01/2021;1;9.400;635921;Non;;;;;
01/02/2021;29;Abidjan;21/01/2021;1;9.800;636921;Non;;;;;
01/02/2021;29;Abidjan;21/01/2021;1;9.800;637921;Non;;;;;
01/02/2021;29;Abidjan;21/01/2021;1;9.400;638921;Non;;;;;
01/02/2021;29;Abidjan;21/01/2021;1;12.1250;6391221;Non;;;;;
01/02/2021;29;Abidjan;21/01/2021;1;12.1250;6401221;Non;;;;;
01/02/2021;29;Abidjan;21/01/2021;1;12.1250;6411221;Non;;;;;
01/02/2021;29;Abidjan;21/01/2021;1;12.1250;6421221;Non;;;;;
01/02/2021;29;Abidjan;21/01/2021;1;12.1250;6431221;Non;;;;;
01/02/2021;29;Abidjan;21/01/2021;1;9.800;644921;Non;;;;;
01/02/2021;29;Abidjan;21/01/2021;1;9.800;645921;Non;;;;;
01/02/2021;29;Abidjan;21/01/2021;1;9.800;646921;Non;;;;;
01/02/2021;29;Abidjan;21/01/2021;1;9.800;647921;Non;;;;;
01/02/2021;29;Abidjan;21/01/2021;1;9.800;648921;Non;;;;;
01/02/2021;29;Abidjan;21/01/2021;1;9.800;649921;Non;;;;;
01/02/2021;29;Abidjan;21/01/2021;1;9.800;650921;Non;;;;;
01/02/2021;29;Abidjan;21/01/2021;1;9.800;651921;Non;;;;;
01/02/2021;29;Abidjan;21/01/2021;1;7.200;652721;Non;;;;;
01/02/2021;29;Abidjan;21/01/2021;1;7.200;653721;Non;;;;;
01/02/2021;29;Abidjan;21/01/2021;1;12.1250;6541221;Non;;;;;
01/02/2021;29;Abidjan;21/01/2021;1;9.800;655921;Non;;;;;
01/02/2021;29;Abidjan;21/01/2021;1;9.800;656921;Non;;;;;
01/02/2021;29;Abidjan;21/01/2021;1;9.800;657921;Non;;;;;
01/02/2021;29;Abidjan;21/01/2021;1;9.400;658921;Non;;;;;
01/02/2021;29;Abidjan;21/01/2021;1;9.400;659921;Non;;;;;
01/02/2021;29;Abidjan;21/01/2021;1;9.400;660921;Non;;;;;
01/02/2021;29;Abidjan;21/01/2021;1;7.200;661721;Non;;;;;
01/02/2021;29;Abidjan;21/01/2021;1;9.800;662921;Non;;;;;
01/02/2021;29;Abidjan;21/01/2021;1;12.1250;6631221;Non;;;;;
01/02/2021;29;Abidjan;21/01/2021;1;12.1250;6641221;Non;;;;;
01/02/2021;29;Abidjan;21/01/2021;1;9.400;665921;Non;;;;;
01/02/2021;29;Abidjan;21/01/2021;1;9.400;666921;Non;;;;;
01/02/2021;29;Abidjan;21/01/2021;1;9.400;667921;Non;;;;;
01/02/2021;29;Abidjan;21/01/2021;1;9.400;668921;Non;;;;;
01/02/2021;29;Abidjan;21/01/2021;1;9.800;669921;Non;;;;;
01/02/2021;29;Abidjan;21/01/2021;1;7.200;670721;Non;;;;;
01/02/2021;29;Abidjan;21/01/2021;1;9.400;671921;Non;;;;;
01/02/2021;29;Abidjan;21/01/2021;1;9.400;672921;Non;;;;;
01/02/2021;29;Abidjan;21/01/2021;1;7.200;673721;Non;;;;;
01/02/2021;29;Abidjan;21/01/2021;1;9.400;674921;Non;;;;;
01/02/2021;29;Abidjan;21/01/2021;1;9.400;675921;Non;;;;;
01/02/2021;29;Abidjan;21/01/2021;1;9.400;676921;Non;;;;;
01/02/2021;29;Abidjan;21/01/2021;1;9.400;677921;Non;;;;;
01/02/2021;29;Abidjan;21/01/2021;1;9.400;678921;Non;;;;;
01/02/2021;29;Abidjan;21/01/2021;1;9.800;679921;Non;;;;;
01/02/2021;29;Abidjan;21/01/2021;1;7.200;680721;Non;;;;;
01/02/2021;29;Abidjan;21/01/2021;1;7.200;681721;Non;;;;;
01/02/2021;29;Abidjan;21/01/2021;1;9.400;682921;Non;;;;;
01/02/2021;29;Abidjan;21/01/2021;1;7.200;683721;Non;;;;;
01/02/2021;29;Abidjan;21/01/2021;1;9.400;684921;Non;;;;;
01/02/2021;29;Abidjan;21/01/2021;1;9.400;685921;Non;;;;;
01/02/2021;29;Abidjan;21/01/2021;1;7.200;686721;Non;;;;;
01/02/2021;29;Abidjan;21/01/2021;1;7.200;687721;Non;;;;;
01/02/2021;29;Abidjan;21/01/2021;1;9.400;688921;Non;;;;;
01/02/2021;29;Abidjan;21/01/2021;1;9.400;689921;Non;;;;;
01/02/2021;29;Abidjan;21/01/2021;1;9.400;690921;Non;;;;;
01/02/2021;29;Abidjan;21/01/2021;1;9.400;691921;Non;;;;;
01/02/2021;29;Abidjan;21/01/2021;1;7.200;692721;Non;;;;;
01/02/2021;29;Abidjan;21/01/2021;1;9.400;693921;Non;;;;;
01/02/2021;29;Abidjan;21/01/2021;1;9.400;694921;Non;;;;;
01/02/2021;29;Abidjan;21/01/2021;1;12.1250;6951221;Non;;;;;
01/02/2021;29;Abidjan;21/01/2021;1;12.1250;6961221;Rebus Mineur;;;;;
01/02/2021;29;Abidjan;21/01/2021;1;9.800;697921;Non;;;;;
01/02/2021;29;Abidjan;21/01/2021;1;12.1250;6981221;Non;;;;;
01/02/2021;29;Abidjan;21/01/2021;1;7.200;699721;Non;;;;;
01/02/2021;29;Abidjan;21/01/2021;1;7.200;700721;Non;;;;;
01/02/2021;29;Abidjan;21/01/2021;1;7.200;701721;Non;;;;;
01/02/2021;29;Abidjan;21/01/2021;1;7.200;702721;Non;;;;;
01/02/2021;29;Abidjan;21/01/2021;1;9.400;703921;Non;;;;;
01/02/2021;29;Abidjan;21/01/2021;1;7.200;704721;Non;;;;;
01/02/2021;29;Abidjan;21/01/2021;1;7.200;705721;Non;;;;;
01/02/2021;29;Abidjan;21/01/2021;1;9.400;706921;Rebus Mineur;;;;;
01/02/2021;29;Abidjan;21/01/2021;1;9.400;707921;Non;;;;;
01/02/2021;29;Abidjan;21/01/2021;1;7.200;708721;Non;;;;;
01/02/2021;29;Abidjan;21/01/2021;1;9.400;709921;Non;;;;;
01/02/2021;30;Abidjan;21/01/2021;2;9.200;710921;Non;;;;;
01/02/2021;30;Abidjan;21/01/2021;2;9.650;711921;Non;;;;;
01/02/2021;30;Abidjan;21/01/2021;2;9.650;712921;Non;;;;;
01/02/2021;30;Abidjan;21/01/2021;2;9.200;713921;Non;;;;;
01/02/2021;30;Abidjan;21/01/2021;2;9.650;714921;Non;;;;;
01/02/2021;30;Abidjan;21/01/2021;2;9.650;715921;Non;;;;;
01/02/2021;30;Abidjan;21/01/2021;2;12.800;71691221;Non;;;;;
01/02/2021;30;Abidjan;21/01/2021;2;12.800;7171221;Non;;;;;
01/02/2021;30;Abidjan;21/01/2021;2;9.650;718921;Non;;;;;
01/02/2021;30;Abidjan;21/01/2021;2;9.650;719921;Non;;;;;
01/02/2021;30;Abidjan;21/01/2021;2;9.650;720921;Non;;;;;
01/02/2021;30;Abidjan;21/01/2021;2;9.200;721921;Non;;;;;
01/02/2021;30;Abidjan;21/01/2021;2;9.200;722921;Non;;;;;
01/02/2021;30;Abidjan;21/01/2021;2;12.1250;7231221;Non;;;;;
01/02/2021;30;Abidjan;21/01/2021;2;12.1250;7241221;Non;;;;;
01/02/2021;30;Abidjan;21/01/2021;2;9.200;725921;Non;;;;;
01/02/2021;30;Abidjan;21/01/2021;2;9.200;726921;Non;;;;;
01/02/2021;30;Abidjan;21/01/2021;2;9.200;727921;Non;;;;;
01/02/2021;30;Abidjan;21/01/2021;2;9.650;728921;Non;;;;;
01/02/2021;30;Abidjan;21/01/2021;2;9.650;729921;Non;;;;;
01/02/2021;30;Abidjan;21/01/2021;2;9.650;730921;Non;;;;;
01/02/2021;30;Abidjan;21/01/2021;2;9.650;731921;Non;;;;;
01/02/2021;30;Abidjan;21/01/2021;2;9.200;732921;Non;;;;;
01/02/2021;30;Abidjan;21/01/2021;2;9.650;733921;Non;;;;;
01/02/2021;30;Abidjan;21/01/2021;2;9.650;734921;Non;;;;;
01/02/2021;30;Abidjan;21/01/2021;2;9.650;735921;Non;;;;;
01/02/2021;30;Abidjan;21/01/2021;2;9.650;736921;Non;;;;;
01/02/2021;30;Abidjan;21/01/2021;2;9.650;737921;Non;;;;;
01/02/2021;30;Abidjan;21/01/2021;2;9.650;738921;Non;;;;;
01/02/2021;30;Abidjan;21/01/2021;2;9.200;739921;Non;;;;;
01/02/2021;30;Abidjan;21/01/2021;2;12.1250;7401221;Non;;;;;
01/02/2021;30;Abidjan;21/01/2021;2;12.800;7411221;Non;;;;;
01/02/2021;30;Abidjan;21/01/2021;2;9.200;742921;Non;;;;;
01/02/2021;30;Abidjan;21/01/2021;2;9.200;743921;Non;;;;;
01/02/2021;30;Abidjan;21/01/2021;2;9.200;744921;Non;;;;;
01/02/2021;30;Abidjan;21/01/2021;2;9.650;745921;Non;;;;;
01/02/2021;30;Abidjan;21/01/2021;2;9.200;746921;Non;;;;;
01/02/2021;30;Abidjan;21/01/2021;2;9.200;747921;Non;;;;;
01/02/2021;30;Abidjan;21/01/2021;2;9.200;748921;Non;;;;;
01/02/2021;30;Abidjan;21/01/2021;2;9.200;749921;Non;;;;;
01/02/2021;30;Abidjan;21/01/2021;2;9.650;750921;Non;;;;;
01/02/2021;30;Abidjan;21/01/2021;2;9.650;751921;Non;;;;;
01/02/2021;30;Abidjan;21/01/2021;2;9.650;752921;Non;;;;;
01/02/2021;30;Abidjan;21/01/2021;2;9.650;753921;Non;;;;;
01/02/2021;30;Abidjan;21/01/2021;2;9.650;754921;Non;;;;;
01/02/2021;30;Abidjan;21/01/2021;2;9.650;755921;Non;;;;;
01/02/2021;30;Abidjan;21/01/2021;2;9.650;756921;Non;;;;;
01/02/2021;30;Abidjan;21/01/2021;2;9.650;757921;Non;;;;;
01/02/2021;30;Abidjan;21/01/2021;2;9.650;758921;Non;;;;;
01/02/2021;30;Abidjan;21/01/2021;2;12.800;7591221;Non;;;;;
01/02/2021;30;Abidjan;21/01/2021;2;12.800;7601221;Non;;;;;
01/02/2021;30;Abidjan;21/01/2021;2;9.650;761921;Non;;;;;
01/02/2021;30;Abidjan;21/01/2021;2;12.1250;7621221;Non;;;;;
01/02/2021;30;Abidjan;21/01/2021;2;12.1250;7631221;Non;;;;;
01/02/2021;30;Abidjan;21/01/2021;2;12.1250;7641221;Non;;;;;
01/02/2021;30;Abidjan;21/01/2021;2;12.1250;7651221;Non;;;;;
01/02/2021;30;Abidjan;21/01/2021;2;12.1250;7661221;Non;;;;;
01/02/2021;30;Abidjan;21/01/2021;2;9.200;767921;Non;;;;;
01/02/2021;30;Abidjan;21/01/2021;2;12.800;7681221;Non;;;;;
01/02/2021;30;Abidjan;21/01/2021;2;12.1250;7691221;Non;;;;;
01/02/2021;30;Abidjan;21/01/2021;2;12.1250;7701221;Non;;;;;
01/02/2021;30;Abidjan;21/01/2021;2;9.650;771921;Non;;;;;
01/02/2021;30;Abidjan;21/01/2021;2;9.650;772921;Non;;;;;
01/02/2021;30;Abidjan;21/01/2021;2;9.650;773921;Non;;;;;
01/02/2021;30;Abidjan;21/01/2021;2;9.650;774921;Non;;;;;
01/02/2021;30;Abidjan;21/01/2021;2;9.650;775921;Non;;;;;
01/02/2021;30;Abidjan;21/01/2021;2;12.800;7761221;Non;;;;;
01/02/2021;30;Abidjan;21/01/2021;2;12.800;7771221;Non;;;;;
01/02/2021;30;Abidjan;21/01/2021;2;12.800;7781221;Non;;;;;
01/02/2021;30;Abidjan;21/01/2021;2;12.1250;7791221;Non;;;;;
01/02/2021;30;Abidjan;21/01/2021;2;9.650;780921;Non;;;;;
01/02/2021;30;Abidjan;21/01/2021;2;9.650;781921;Non;;;;;
01/02/2021;30;Abidjan;21/01/2021;2;9.650;782921;Non;;;;;
01/02/2021;30;Abidjan;21/01/2021;2;9.200;783921;Non;;;;;
01/02/2021;30;Abidjan;21/01/2021;2;12.800;7841221;Non;;;;;
01/02/2021;30;Abidjan;21/01/2021;2;12.800;7851221;Non;;;;;
01/02/2021;30;Abidjan;21/01/2021;2;12.800;7861221;Non;;;;;
01/02/2021;30;Abidjan;21/01/2021;2;12.800;7871221;Non;;;;;
01/02/2021;30;Abidjan;21/01/2021;2;12.800;7881221;Non;;;;;
01/02/2021;30;Abidjan;21/01/2021;2;12.800;7891221;Non;;;;;
01/02/2021;30;Abidjan;21/01/2021;2;12.800;7901221;Non;;;;;
01/02/2021;30;Abidjan;21/01/2021;2;9.800;791921;Non;;;;;
02/02/2021;31;Abidjan;22/01/2021;1;7.200;792721;Non;;;;;
02/02/2021;31;Abidjan;22/01/2021;1;12.300;7931221;Non;;;;;
02/02/2021;31;Abidjan;22/01/2021;1;12.300;7941221;Non;;;;;
02/02/2021;31;Abidjan;22/01/2021;1;7.200;795721;Non;;;;;
02/02/2021;31;Abidjan;22/01/2021;1;12.300;7961221;Non;;;;;
02/02/2021;31;Abidjan;22/01/2021;1;12.300;7971221;Non;;;;;
02/02/2021;31;Abidjan;22/01/2021;1;12.300;7981221;Non;;;;;
02/02/2021;31;Abidjan;22/01/2021;1;12.300;7991221;Non;;;;;
02/02/2021;31;Abidjan;22/01/2021;1;12.300;8001221;Non;;;;;
02/02/2021;31;Abidjan;22/01/2021;1;7.200;801721;Non;;;;;
02/02/2021;31;Abidjan;22/01/2021;1;7.200;802721;Non;;;;;
02/02/2021;31;Abidjan;22/01/2021;1;7.200;803721;Non;;;;;
02/02/2021;31;Abidjan;22/01/2021;1;12.300;8041221;Non;;;;;
02/02/2021;31;Abidjan;22/01/2021;1;7.200;805721;Non;;;;;
02/02/2021;31;Abidjan;22/01/2021;1;7.200;806721;Non;;;;;
02/02/2021;31;Abidjan;22/01/2021;1;7.200;807721;Non;;;;;
02/02/2021;31;Abidjan;22/01/2021;1;9.800;808921;Non;;;;;
02/02/2021;31;Abidjan;22/01/2021;1;12.1250;8091221;Non;;;;;
02/02/2021;31;Abidjan;22/01/2021;1;12.1250;8101221;Rebus Mineur;;;;;
02/02/2021;31;Abidjan;22/01/2021;1;7.200;811721;Non;;;;;
02/02/2021;31;Abidjan;22/01/2021;1;7.200;812721;Non;;;;;
02/02/2021;31;Abidjan;22/01/2021;1;7.200;813721;Non;;;;;
02/02/2021;31;Abidjan;22/01/2021;1;12.300;8141221;Non;;;;;
02/02/2021;31;Abidjan;22/01/2021;1;12.300;8151221;Non;;;;;
02/02/2021;31;Abidjan;22/01/2021;1;12.300;8161221;Non;;;;;
02/02/2021;31;Abidjan;22/01/2021;1;12.300;8171221;Non;;;;;
02/02/2021;31;Abidjan;22/01/2021;1;7.200;818721;Non;;;;;
02/02/2021;31;Abidjan;22/01/2021;1;12.1000;8191221;Non;;;;;
02/02/2021;31;Abidjan;22/01/2021;1;12.1250;8201221;Non;;;;;
02/02/2021;31;Abidjan;22/01/2021;1;7.200;821721;Non;;;;;
02/02/2021;31;Abidjan;22/01/2021;1;7.200;822721;Non;;;;;
02/02/2021;31;Abidjan;22/01/2021;1;9.800;823921;Non;;;;;
02/02/2021;31;Abidjan;22/01/2021;1;12.300;8241221;Non;;;;;
02/02/2021;31;Abidjan;22/01/2021;1;12.300;8251221;Rebus Mineur;;;;;
02/02/2021;31;Abidjan;22/01/2021;1;12.300;8261221;Non;;;;;
02/02/2021;31;Abidjan;22/01/2021;1;12.300;8271221;Non;;;;;
02/02/2021;31;Abidjan;22/01/2021;1;12.300;8281221;Non;;;;;
02/02/2021;31;Abidjan;22/01/2021;1;7.200;829721;Non;;;;;
02/02/2021;31;Abidjan;22/01/2021;1;12.300;8301221;Non;;;;;
02/02/2021;31;Abidjan;22/01/2021;1;12.300;8311221;Non;;;;;
02/02/2021;31;Abidjan;22/01/2021;1;12.300;8321221;Non;;;;;
02/02/2021;31;Abidjan;22/01/2021;1;12.300;8331221;Non;;;;;
02/02/2021;31;Abidjan;22/01/2021;1;12.300;8341221;Non;;;;;
02/02/2021;31;Abidjan;22/01/2021;1;12.300;8351221;Non;;;;;
02/02/2021;31;Abidjan;22/01/2021;1;12.300;8361221;Non;;;;;
02/02/2021;31;Abidjan;22/01/2021;1;12.300;8371221;Non;;;;;
02/02/2021;31;Abidjan;22/01/2021;1;12.300;8381221;Non;;;;;
02/02/2021;31;Abidjan;22/01/2021;1;9.400;839921;Non;;;;;
02/02/2021;31;Abidjan;22/01/2021;1;12.1250;8401221;Non;;;;;
02/02/2021;31;Abidjan;22/01/2021;1;12.1250;8411221;Non;;;;;
02/02/2021;31;Abidjan;22/01/2021;1;12.1250;8421221;Non;;;;;
02/02/2021;31;Abidjan;22/01/2021;1;12.1250;8431221;Non;;;;;
02/02/2021;31;Abidjan;22/01/2021;1;12.1250;8441221;Non;;;;;
02/02/2021;31;Abidjan;22/01/2021;1;9.400;845921;Non;;;;;
02/02/2021;31;Abidjan;22/01/2021;1;12.1000;8461221;Non;;;;;
02/02/2021;31;Abidjan;22/01/2021;1;12.1000;8471221;Non;;;;;
02/02/2021;31;Abidjan;22/01/2021;1;12.1000;8481221;Non;;;;;
02/02/2021;31;Abidjan;22/01/2021;1;12.800;8491221;Non;;;;;
02/02/2021;31;Abidjan;22/01/2021;1;12.800;8501221;Non;;;;;
02/02/2021;31;Abidjan;22/01/2021;1;12.1000;8511221;Non;;;;;
02/02/2021;31;Abidjan;22/01/2021;1;12.1000;8521221;Rebus Mineur;;;;;
02/02/2021;31;Abidjan;22/01/2021;1;12.1000;8531221;Rebus Mineur;;;;;
02/02/2021;31;Abidjan;22/01/2021;1;12.1000;8541221;Non;;;;;
02/02/2021;31;Abidjan;22/01/2021;1;9.800;855921;Non;;;;;
02/02/2021;31;Abidjan;22/01/2021;1;12.300;8561221;Non;;;;;
02/02/2021;31;Abidjan;22/01/2021;1;12.300;8571221;Non;;;;;
02/02/2021;31;Abidjan;22/01/2021;1;12.300;8581221;Non;;;;;
02/02/2021;31;Abidjan;22/01/2021;1;12.300;8591221;Non;;;;;
02/02/2021;31;Abidjan;22/01/2021;1;12.300;8601221;Non;;;;;
02/02/2021;31;Abidjan;22/01/2021;1;12.1250;8611221;Non;;;;;
02/02/2021;31;Abidjan;22/01/2021;1;12.1250;8621221;Non;;;;;
02/02/2021;31;Abidjan;22/01/2021;1;12.1000;8631221;Non;;;;;
02/02/2021;31;Abidjan;22/01/2021;1;7.200;864721;Non;;;;;
02/02/2021;31;Abidjan;22/01/2021;1;7.200;865721;Non;;;;;
02/02/2021;31;Abidjan;22/01/2021;1;12.1250;8661221;Non;;;;;
02/02/2021;31;Abidjan;22/01/2021;1;12.1000;8671221;Non;;;;;
02/02/2021;31;Abidjan;22/01/2021;1;12.1000;8681221;Non;;;;;
02/02/2021;31;Abidjan;22/01/2021;1;12.1000;8691221;Non;;;;;
02/02/2021;31;Abidjan;22/01/2021;1;12.300;8701221;Non;;;;;
02/02/2021;31;Abidjan;22/01/2021;1;12.300;8711221;Non;;;;;
02/02/2021;31;Abidjan;22/01/2021;1;12.300;8721221;Non;;;;;
02/02/2021;31;Abidjan;22/01/2021;1;7.200;873721;Non;;;;;
02/02/2021;32;Abidjan;22/01/2021;2;9.200;874921;Non;;;;;
02/02/2021;32;Abidjan;22/01/2021;2;9.200;875921;Non;;;;;
02/02/2021;32;Abidjan;22/01/2021;2;9.200;876921;Non;;;;;
02/02/2021;32;Abidjan;22/01/2021;2;9.200;877921;Non;;;;;
02/02/2021;32;Abidjan;22/01/2021;2;12.650;8781221;Non;;;;;
02/02/2021;32;Abidjan;22/01/2021;2;9.200;879921;Non;;;;;
02/02/2021;32;Abidjan;22/01/2021;2;9.200;880921;Non;;;;;
02/02/2021;32;Abidjan;22/01/2021;2;9.200;881921;Non;;;;;
02/02/2021;32;Abidjan;22/01/2021;2;12.650;8821221;Non;;;;;
02/02/2021;32;Abidjan;22/01/2021;2;12.650;8831221;Non;;;;;
02/02/2021;32;Abidjan;22/01/2021;2;12.650;8841221;Non;;;;;
02/02/2021;32;Abidjan;22/01/2021;2;12.650;8851221;Non;;;;;
02/02/2021;32;Abidjan;22/01/2021;2;12.650;8861221;Non;;;;;
02/02/2021;32;Abidjan;22/01/2021;2;9.200;887921;Non;;;;;
02/02/2021;32;Abidjan;22/01/2021;2;12.650;8881221;Non;;;;;
02/02/2021;32;Abidjan;22/01/2021;2;12.650;8891221;Non;;;;;
02/02/2021;32;Abidjan;22/01/2021;2;9.200;890921;Non;;;;;
02/02/2021;32;Abidjan;22/01/2021;2;9.200;891921;Non;;;;;
02/02/2021;32;Abidjan;22/01/2021;2;9.200;892921;Non;;;;;
02/02/2021;32;Abidjan;22/01/2021;2;9.200;893921;Non;;;;;
02/02/2021;32;Abidjan;22/01/2021;2;9.800;894921;Non;;;;;
02/02/2021;32;Abidjan;22/01/2021;2;9.800;895921;Non;;;;;
02/02/2021;32;Abidjan;22/01/2021;2;12.650;8961221;Rebus Mineur;;;;;
02/02/2021;32;Abidjan;22/01/2021;2;12.650;8971221;Non;;;;;
02/02/2021;32;Abidjan;22/01/2021;2;12.650;8981221;Non;;;;;
02/02/2021;32;Abidjan;22/01/2021;2;12.650;8991221;Non;;;;;
02/02/2021;32;Abidjan;22/01/2021;2;12.650;9001221;Non;;;;;
02/02/2021;32;Abidjan;22/01/2021;2;12.650;9011221;Non;;;;;
02/02/2021;32;Abidjan;22/01/2021;2;9.800;902921;Non;;;;;
02/02/2021;32;Abidjan;22/01/2021;2;9.800;903921;Non;;;;;
02/02/2021;32;Abidjan;22/01/2021;2;9.800;904921;Non;;;;;
02/02/2021;32;Abidjan;22/01/2021;2;9.800;905921;Non;;;;;
02/02/2021;32;Abidjan;22/01/2021;2;9.800;906921;Non;;;;;
02/02/2021;32;Abidjan;22/01/2021;2;9.800;907921;Non;;;;;
02/02/2021;32;Abidjan;22/01/2021;2;9.400;908921;Non;;;;;
02/02/2021;32;Abidjan;22/01/2021;2;12.650;9091221;Non;;;;;
02/02/2021;32;Abidjan;22/01/2021;2;12.650;9101221;Non;;;;;
02/02/2021;32;Abidjan;22/01/2021;2;12.650;9111221;Non;;;;;
02/02/2021;32;Abidjan;22/01/2021;2;12.650;9121221;Non;;;;;
02/02/2021;32;Abidjan;22/01/2021;2;12.400;9131221;Non;;;;;
02/02/2021;32;Abidjan;22/01/2021;2;12.400;9141221;Non;;;;;
02/02/2021;32;Abidjan;22/01/2021;2;12.400;9151221;Non;;;;;
02/02/2021;32;Abidjan;22/01/2021;2;9.800;916921;Non;;;;;
02/02/2021;32;Abidjan;22/01/2021;2;9.800;917921;Non;;;;;
02/02/2021;32;Abidjan;22/01/2021;2;9.400;918921;Non;;;;;
02/02/2021;32;Abidjan;22/01/2021;2;12.1000;9191221;Non;;;;;
02/02/2021;32;Abidjan;22/01/2021;2;12.1250;9201221;Non;;;;;
02/02/2021;32;Abidjan;22/01/2021;2;12.1250;9211221;Non;;;;;
02/02/2021;32;Abidjan;22/01/2021;2;12.1250;9221221;Non;;;;;
02/02/2021;32;Abidjan;22/01/2021;2;12.1250;9231221;Non;;;;;
02/02/2021;32;Abidjan;22/01/2021;2;12.650;9241221;Non;;;;;
03/02/2021;33;Abidjan;23/01/2021;1;12.1250;9251221;Non;;;;;
03/02/2021;33;Abidjan;23/01/2021;1;9.800;926921;Non;;;;;
03/02/2021;33;Abidjan;23/01/2021;1;9.800;927921;Non;;;;;
03/02/2021;33;Abidjan;23/01/2021;1;9.800;928921;Non;;;;;
03/02/2021;33;Abidjan;23/01/2021;1;12.650;9291221;Non;;;;;
03/02/2021;33;Abidjan;23/01/2021;1;12.650;9301221;Non;;;;;
03/02/2021;33;Abidjan;23/01/2021;1;12.650;9311221;Non;;;;;
03/02/2021;33;Abidjan;23/01/2021;1;9.200;932921;Non;;;;;
03/02/2021;33;Abidjan;23/01/2021;1;9.650;933921;Non;;;;;
03/02/2021;33;Abidjan;23/01/2021;1;9.650;934921;Non;;;;;
03/02/2021;33;Abidjan;23/01/2021;1;9.650;935921;Non;;;;;
03/02/2021;33;Abidjan;23/01/2021;1;9.650;936921;Non;;;;;
03/02/2021;33;Abidjan;23/01/2021;1;9.650;937921;Non;;;;;
03/02/2021;33;Abidjan;23/01/2021;1;9.650;938921;Non;;;;;
03/02/2021;33;Abidjan;23/01/2021;1;9.650;939921;Non;;;;;
03/02/2021;33;Abidjan;23/01/2021;1;9.650;940921;Non;;;;;
03/02/2021;33;Abidjan;23/01/2021;1;9.800;941921;Non;;;;;
03/02/2021;33;Abidjan;23/01/2021;1;12.1250;9421221;Non;;;;;
03/02/2021;33;Abidjan;23/01/2021;1;12.1250;9431221;Non;;;;;
03/02/2021;33;Abidjan;23/01/2021;1;9.400;944921;Non;;;;;
03/02/2021;33;Abidjan;23/01/2021;1;9.400;945921;Non;;;;;
03/02/2021;33;Abidjan;23/01/2021;1;9.400;946921;Non;;;;;
03/02/2021;33;Abidjan;23/01/2021;1;9.400;947921;Non;;;;;
03/02/2021;33;Abidjan;23/01/2021;1;9.400;948921;Non;;;;;
03/02/2021;33;Abidjan;23/01/2021;1;12.800;9491221;Non;;;;;
03/02/2021;33;Abidjan;23/01/2021;1;12.800;9501221;Non;;;;;
03/02/2021;33;Abidjan;23/01/2021;1;12.800;9511221;Non;;;;;
03/02/2021;33;Abidjan;23/01/2021;1;12.800;9521221;Rebus Mineur;;;;;
03/02/2021;33;Abidjan;23/01/2021;1;12.800;9531221;Non;;;;;
03/02/2021;33;Abidjan;23/01/2021;1;12.800;9541221;Non;;;;;
03/02/2021;33;Abidjan;23/01/2021;1;9.800;955921;Non;;;;;
03/02/2021;33;Abidjan;23/01/2021;1;9.800;956921;Non;;;;;
03/02/2021;33;Abidjan;23/01/2021;1;9.200;957921;Non;;;;;
03/02/2021;33;Abidjan;23/01/2021;1;9.200;958921;Non;;;;;
03/02/2021;33;Abidjan;23/01/2021;1;12.800;9591221;Non;;;;;
03/02/2021;33;Abidjan;23/01/2021;1;12.800;9601221;Non;;;;;
03/02/2021;33;Abidjan;23/01/2021;1;9.400;961921;Non;;;;;
03/02/2021;33;Abidjan;23/01/2021;1;12.1250;9621221;Non;;;;;
03/02/2021;33;Abidjan;23/01/2021;1;12.1250;9631221;Non;;;;;
03/02/2021;33;Abidjan;23/01/2021;1;12.1250;9641221;Non;;;;;
03/02/2021;33;Abidjan;23/01/2021;1;12.1250;9651221;Non;;;;;
03/02/2021;33;Abidjan;23/01/2021;1;12.1250;9661221;Non;;;;;
03/02/2021;33;Abidjan;23/01/2021;1;12.800;9671221;Non;;;;;
03/02/2021;33;Abidjan;23/01/2021;1;12.1250;9681221;Non;;;;;
03/02/2021;33;Abidjan;23/01/2021;1;12.1250;9691221;Non;;;;;
03/02/2021;33;Abidjan;23/01/2021;1;12.800;9701221;Non;;;;;
03/02/2021;33;Abidjan;23/01/2021;1;7.200;971721;Non;;;;;
03/02/2021;33;Abidjan;23/01/2021;1;9.400;972921;Non;;;;;
03/02/2021;33;Abidjan;23/01/2021;1;9.400;973921;Non;;;;;
03/02/2021;33;Abidjan;23/01/2021;1;9.400;974921;Non;;;;;
03/02/2021;33;Abidjan;23/01/2021;1;9.400;975921;Non;;;;;
03/02/2021;33;Abidjan;23/01/2021;1;9.400;976921;Non;;;;;
03/02/2021;33;Abidjan;23/01/2021;1;7.200;977721;Non;;;;;
03/02/2021;33;Abidjan;23/01/2021;1;9.400;978921;Non;;;;;
03/02/2021;33;Abidjan;23/01/2021;1;9.400;979921;Non;;;;;
03/02/2021;33;Abidjan;23/01/2021;1;7.200;980721;Non;;;;;
03/02/2021;33;Abidjan;23/01/2021;1;9.200;981921;Non;;;;;
03/02/2021;33;Abidjan;23/01/2021;1;9.200;982921;Non;;;;;
03/02/2021;33;Abidjan;23/01/2021;1;7.200;983721;Non;;;;;
03/02/2021;33;Abidjan;23/01/2021;1;7.200;984721;Non;;;;;
03/02/2021;33;Abidjan;23/01/2021;1;12.650;9851221;Non;;;;;
03/02/2021;33;Abidjan;23/01/2021;1;12.650;9861221;Non;;;;;
03/02/2021;33;Abidjan;23/01/2021;1;12.650;9871221;Non;;;;;
03/02/2021;33;Abidjan;23/01/2021;1;12.650;9881221;Non;;;;;
03/02/2021;33;Abidjan;23/01/2021;1;12.650;9891221;Non;;;;;
03/02/2021;33;Abidjan;23/01/2021;1;12.650;9901221;Non;;;;;
03/02/2021;33;Abidjan;23/01/2021;1;12.1250;9911221;Non;;;;;
03/02/2021;33;Abidjan;23/01/2021;1;9.800;992921;Non;;;;;
03/02/2021;33;Abidjan;23/01/2021;1;12.650;9931221;Non;;;;;
03/02/2021;33;Abidjan;23/01/2021;1;12.650;9941221;Non;;;;;
03/02/2021;33;Abidjan;23/01/2021;1;7.200;995721;Non;;;;;
03/02/2021;33;Abidjan;23/01/2021;1;12.650;9961221;Non;;;;;
03/02/2021;33;Abidjan;23/01/2021;1;12.650;9971221;Non;;;;;
03/02/2021;33;Abidjan;23/01/2021;1;7.200;998721;Non;;;;;
03/02/2021;33;Abidjan;23/01/2021;1;7.200;999721;Non;;;;;